{"cameraMode":{"drawMode":0,"name":"Shaded","section":"Shading Mode"},"sceneLighting":false,"audioPlay":false,"sceneViewState":{"showFog":true,"showMaterialUpdate":false,"showSkybox":false,"showFlares":true,"showImageEffects":true,"showParticleSystems":true},"in2DMode":false,"pivot":{"x":10.797922134399414,"y":8.7850341796875,"z":19.480117797851564},"rotation":{"x":0.509520947933197,"y":0.3310835063457489,"z":-0.22115086019039155,"w":0.762800395488739},"size":40.63803482055664,"orthographic":false}