{"cameraMode":{"drawMode":0,"name":"Shaded","section":"Shading Mode"},"sceneLighting":false,"audioPlay":false,"sceneViewState":{"showFog":true,"showMaterialUpdate":false,"showSkybox":false,"showFlares":true,"showImageEffects":true,"showParticleSystems":true},"in2DMode":false,"pivot":{"x":-0.4830322265625,"y":0.846923828125,"z":-2.5781173706054689},"rotation":{"x":0.0883786678314209,"y":-0.011952107772231102,"z":0.0010652688797563315,"w":0.99601811170578},"size":1.288834810256958,"orthographic":true}