{"cameraMode":{"drawMode":0,"name":"Shaded","section":"Shading Mode"},"sceneLighting":false,"audioPlay":false,"sceneViewState":{"showFog":true,"showMaterialUpdate":false,"showSkybox":false,"showFlares":true,"showImageEffects":true,"showParticleSystems":true},"in2DMode":false,"pivot":{"x":2.526294708251953,"y":2.773357391357422,"z":4.902505874633789},"rotation":{"x":0.28491511940956118,"y":0.1643109768629074,"z":-0.04964140057563782,"w":0.9430606961250305},"size":14.997901916503907,"orthographic":false}