{"cameraMode":{"drawMode":0,"name":"Shaded","section":"Shading Mode"},"sceneLighting":false,"audioPlay":false,"sceneViewState":{"showFog":true,"showMaterialUpdate":false,"showSkybox":false,"showFlares":true,"showImageEffects":true,"showParticleSystems":true},"in2DMode":false,"pivot":{"x":-2.553403377532959,"y":2.189600944519043,"z":1.5384056568145753},"rotation":{"x":-0.06464003026485443,"y":0.5372856855392456,"z":-0.04135097190737724,"w":-0.8399085402488709},"size":4.88987922668457,"orthographic":false}