{"cameraMode":{"drawMode":0,"name":"Shaded","section":"Shading Mode"},"sceneLighting":false,"audioPlay":false,"sceneViewState":{"showFog":true,"showMaterialUpdate":false,"showSkybox":false,"showFlares":true,"showImageEffects":true,"showParticleSystems":true},"in2DMode":false,"pivot":{"x":22.774154663085939,"y":5.11370849609375,"z":-23.351139068603517},"rotation":{"x":0.43077296018600466,"y":0.5048069953918457,"z":-0.32207050919532778,"w":0.6751851439476013},"size":226.1872100830078,"orthographic":false}