{"cameraMode":{"drawMode":0,"name":"Shaded","section":"Shading Mode"},"sceneLighting":false,"audioPlay":false,"sceneViewState":{"showFog":true,"showMaterialUpdate":false,"showSkybox":false,"showFlares":true,"showImageEffects":true,"showParticleSystems":true},"in2DMode":false,"pivot":{"x":33.12789535522461,"y":-5.8271026611328129,"z":-20.624370574951173},"rotation":{"x":-0.4545099437236786,"y":-0.16043032705783845,"z":0.08360130339860916,"w":-0.8721837401390076},"size":56.15585708618164,"orthographic":false}